,-1_0_0_A.csv,-1_0_0_B.csv,-3_0_0_A.csv,-3_0_0_B.csv,-5_0_0_A.csv,-5_0_0_B.csv,-7_0_0_A.csv,-7_0_0_B.csv,-9_0_0_A.csv,-9_0_0_B.csv,1_0_0_A.csv,1_0_0_B.csv,3_0_0_A.csv,3_0_0_B.csv,5_0_0_A.csv,5_0_0_B.csv,7_0_0_A.csv,7_0_0_B.csv,9_0_0_A.csv,9_0_0_B.csv
-1_0_0_A.csv,,,,,,,,,,,,,,,,,,,,
-1_0_0_B.csv,,,,,,,,,,,,,,,,,,,,
-3_0_0_A.csv,,,,,,,,,,,,,,,,,,,,
-3_0_0_B.csv,,,,,,,,,,,,,,,,,,,,
-5_0_0_A.csv,,,,,,,,,,,,,,,,,,,,
-5_0_0_B.csv,,,,,,,,,,,,,,,,,,,,
-7_0_0_A.csv,,,,,,,,,,,,,,,,,,,,
-7_0_0_B.csv,,,,,,,,,,,,,,,,,,,,
-9_0_0_A.csv,,,,,,,,,,,,,,,,,,,,
-9_0_0_B.csv,,,,,,,,,,,,,,,,,,,,
1_0_0_A.csv,,,,,,,,,,,,,,,,,,,,
1_0_0_B.csv,,,,,,,,,,,,,,,,,,,,
3_0_0_A.csv,,,,,,,,,,,,,,,,,,,,
3_0_0_B.csv,,,,,,,,,,,,,,,,,,,,
5_0_0_A.csv,,,,,,,,,,,,,,,,,,,,
5_0_0_B.csv,,,,,,,,,,,,,,,,,,,,
7_0_0_A.csv,,,,,,,,,,,,,,,,,,,,
7_0_0_B.csv,,,,,,,,,,,,,,,,,,,,
9_0_0_A.csv,,,,,,,,,,,,,,,,,,,,
9_0_0_B.csv,,,,,,,,,,,,,,,,,,,,
